,Thai name,Thai script,English name,Image,Region,Description
0,"Jok
","โจ๊ก
",Rice ,"
","
","Of Chinese origin, it is a rice congee with minced chicken or pork. Mixing an egg in with the congee is optional."
1,Khao kan chin,"ข้าวกั๊นจิ๊น
","
","
","North
",A dish of the Tai Yai (
2,"Khao kha mu
","ข้าวขาหมู
","Braised pork leg on rice
","
","
",Steamed rice
3,"Khao khai chiao
","ข้าวไข่เจียว
","Omelette on rice
","
","
","A quick snack or breakfast, it is an omelette with white rice, often eaten with chili sauce and cucumber. The variant shown in the image is"
4,Khao khluk kapi,"ข้าวคลุกกะปิ
","Fried rice with shrimp paste
","
","
",Rice is fried with
5,"Khao mok gai
","ข้าวหมกไก่
",Thai ,"
","
","The Thai version of a ""chicken biryani"". The name literally means ""rice covered chicken"" and this"
6,"Khao mok nuea
","ข้าวหมกเนื้อ
","Thai beef biryani
","
","
","The Thai version of a ""beef biryani""."
7,Khao man gai,"ข้าวมันไก่
","Chicken rice
","
","
","Rice steamed with garlic served with sliced chicken, chicken broth, and a spicy dipping sauce. This is a Thai version of a dish called Wenchang chicken (文昌雞) from"
8,"Khao mu krop
","ข้าวหมูกรอบ
","Crispy pork on rice
","
","
","Rice and crispy pork that is often, as here in this image, served with boiled egg and a bowl of broth. The sauce that always comes with"
9,"Khao mu krop mu aeng
","ข้าวหมูกรอบหมูแดง
","Mixed cispy pork and red roast pork on rice
","
","
",Slices of
10,"Khao na pet
","ข้าวหน้าเป็ด
","Red roast duck on rice
","
","
",Boiled rice with roast duck and duck broth on the side. It is served with sliced chili peppers in soy sauce as a condiment.
11,"Khao niao
","ข้าวเหนียว
",Glutinous ,"
","
",Khao niao is traditionally eaten using only the right hand. It is the staple food of Northern and Northeastern Thais.
12,"Khao nuea op
","ข้าวเนื้ออบ
","
","
","
","Rice with slices of baked beef, served with a spicy chili dip."
13,"Khao phat
","ข้าวผัด
",Thai fried rice,"
","
","Fried rice in Thailand can be made with different ingredients. Customarily served with fresh lime, cucumber, spring onions, and"
14,"Khao phat amerikan
","ข้าวผัดอเมริกัน
",American fried rice,"
","
",American fried rice
15,"Khao phat kaeng khiao wan
","ข้าวผัดแกงเขียวหวาน
","
","
","
",Rice fried with green curry.
16,"Khao phat kaphrao mu
","ข้าวผัดกะเพราหมู
","Basil fried rice with pork
","
","
",Rice fried with a certain variety of Thai basil called
17,"Khao phat namliap
","ข้าวผัดหนำเลี้ยบ
","
","
","
",Rice fried with
18,"Khao phat nam phrik long ruea
","ข้าวผัดน้ำพริกลงเรือ
","
","
","Central
",Rice fried with
19,"Khao phat nam phrik narok
","ข้าวผัดน้ำพริกนรก
","
","
","
","The name literally means ""rice fried with chili paste from hell"". The rice is fried with"
20,"Khao tom
","ข้าวต้ม
","Thai rice soup
","
","
","Boiled rice in a light broth, usually with minced pork, chicken, or fish. It is often eaten for breakfast."
21,"Khao tom kui
","ข้าวต้มกุ๊ย
",Plain rice ,"
","
",Plain rice is cooked to a porridge and eaten as the staple together with a variety of side dishes.
0,"Bami haeng pet
","บะหมี่แห้งเป็ด
","Egg noodles served ""dry"" with duck
","
","
","Egg noodles served ""dry"" with slices of braised duck, and often, as shown on the image, together with ""blood tofu"". The broth is served on the side. It is originally a Chinese dish."
1,"Bami mu daeng
","บะหมี่หมูแดง
",Egg noodle soup with ,"
","
","Originally a Chinese dish, it is now common in Thailand. Often served with chili peppers in vinegar, and dried chili flakes. The version shown in the photo also contains"
2,"Khanom chin kaeng khiao wan kai
","ขนมจีนแกงเขียวหวานไก่
","
","
","
",This noodle dish consists of
3,Khanom chin ,"ขนมจีนน้ำเงี้ยว
","
","
","North
","A speciality of Northern Thailand, it is Thai fermented rice noodles served with pork or chicken blood tofu in a sauce made with pork broth and tomato, crushed fried dry chili peppers, pork blood, dry fermented soy bean, and dried red kapok flowers."
4,"Khanom jeen nam yaa
","ขนมจีนน้ำยา
","
","
","Central
",Thai rice noodles served with a fish based sauce called
5,"Khanom chin sao nam
","ขนมจีนซาวน้ำ
","
","
","Central
","Cold rice noodles served as a salad with thick coconut milk, finely chopped pineapple, sliced raw garlic and Thai chili peppers, pounded dried prawns, shredded ginger, lime juice, fish sauce, and sugar."
6,Khao soi,"ข้าวซอย
","Northern Thai curry noodles
","
","North
",Boiled as well as crispy fried egg noodles (
7,"Khao soi Mae Sai
","ข้าวซอยแม่สาย
","
","
","North
",Khao soi Mae Sai
8,"Khao soi nam na
","ข้าวซอยน้ำหน้า
","
","
","North
",Somewhat similar to
9,"Kuaichap
","กวยจั๊บ
","
","
","
",Originally a
10,"Kuai-tiao nam
","ก๋วยเตี๋ยวน้ำ
","Wide rice noodle soup
","
","
",A soup of
11,"Kuai-tiao nuea pueai
","ก๋วยเตี๋ยวเนื้อเปื่อย
","
","
","
",A beef noodle soup with slices of very tender beef (
12,"Kuai-tiao phat khi mao
","ก๋วยเตี๋ยวผัดขี้เมา
",Drunken noodles,"
","
",Spicy fried wide rice noodles.
13,Kuai-tiao rat na,"ก๋วยเตี๋ยวราดหน้า
","Wide rice noodles in gravy
","
","Central
",Fried
14,"Kuai-tiao ruea
","ก๋วยเตี๋ยวเรือ
",Boat noodles,"
","Central
",Rice noodles with beef or pork (and sometimes offal) in a brown broth which contains
15,Mi krop,"[หมี่กรอบ
","Thai crispy fried noodles
","
","
",Deep fried rice vermicelli with a sweet and sour sauce.
16,"Phat Mama
","ผัดมาม่า
","
","
","
",Mama
17,Phat si-io,"ผัดซีอิ๊ว
","Noodles stir-fried with soy sauce
","
","
","Usually wide rice noodles fried with chicken or pork, and soy sauce."
18,"Phat Thai
","ผัดไทย
",Pad Thai,"
","
",Stir fried medium size rice noodles (
19,"Phat wun sen
","ผัดวุ้นเส้น
",Stir-fried ,"
","
","Glass noodles are stir-fried with egg and vegetables, and a variety of ingredients such as meat, seafood, or with vegetarian alternatives."
20,"Sapaketti phat khi mao
","สปาเกตตีผัดขี้เมา
","
","
","
",A Thai
21,"Tom yam boran
","ต้มยำโบราณ
","
","
","Central
",Tom yam boran
22,"Yentafo
","เย็นตาโฟ
","
","
","
",The Thai version of the Chinese noodle dish
23,"Yum kanom jeen
","ยำขนมจีน
","
","
","
","Yum kanomjeen is a spicy and sour salad mixed with kanom jeen. Kanom jeen is thin rice noodles which are made from fresh rice sometimes fermented rice starch, fermented for few days, boiled and then made into noodles. The original kanom jeen came from the Mon people. The main ingredients of Yum kanom jeen are fish sauce, sugar, lime juice, and chili powder. Some places will add pla ra to Yum kanom jeen too. Pla ra is the Thai traditional ingredient produced by fermented fish. Yum kanom jeen has a good spicy and sour taste, but many people would like to order the flavor that they like. Yum kanom jeen is a low- calorie food and it has only 220 calories per dish. To suit for people who are healthy and want to diet. Yum kanom jeen is not difficult to find. It can be found in either restaurant or street food."
0,Chim chum,"จิ้มจุ่ม
","
","
","
",A Thai style hot pot served in an
1,"Kaolao
","เกาเหลา
","
","
","
","A soup of Chinese origin, usually containing offal, often pork liver and intestines, also boiled eggs, and other meats such as crispy pork. Alternatively, at regular noodle soup shops, it can also be as a regular Thai-Chinese noodle soup but then served without any noodles."
2,"Khao soi noi songkhrueang
","ข้าวซอยน้อยทรงเครื่อง
","
","
","
",Colloquially also known as
3,Mu kratha,"หมูกระทะ
","
","
","
",Mu kratha
4,"Nam phrik kapi kap pla thu thot
","น้ำพริกกะปิกับปลาทูทอด
","
","
","
",Fried
5,"Pathongko
","ปาท่องโก๋
","
","
","
",The Thai version of the Chinese
6,"Suki
","สุกี้
",Thai suki,"
","
",A Thai variant of the Chinese
0,"Chin hum
","จิ๊นฮุ่ม
","
","
","North
",It is a slowly stewed meat curry from northern Thailand. This particular version is made with beef.
1,"Chuchi pla kaphong
","ฉู่ฉี่ปลากะพง
","
","
","Central
",A semi-dry red curry with fried
2,"Chuchi pla thu sot
","ฉู่ฉี่ปลาทูสด
","
","
","South
",A semi-dry curry made with fresh (i.e. unsteamed and unsalted)
3,"Kaeng cha-om
","แกงชะอม
","
","
","North
",A northern
4,"Kaeng fak sai kai
","แกงฟักใส่ไก่
","
","
","North
",A northern Thai curry made with
5,"Kaeng dok salae
","แกงดอกสะแล
","
","
","North
",A northern Thai curry that is made from the unopened flower buds of the shrub
6,"Kaeng hangle
","แกงฮังเล
","
","
","North
","A Burmese influenced curry of stewed meat (usually pork), peanuts, dried chili peppers and tamarind juice but without coconut milk. Thin strips of fresh ginger are added in before serving."
7,"Kaeng het
","แกงเห็ด
","
","
","North
",A northern Thai curry made with pork and a variety of mushrooms.
8,"Kaeng ho
","แกงโฮะ
","
","
","North
","A Northern Thai dish where one or more types of curry are refried with glass noodles and other ingredients such as kaffir lime leaves, lemongrass, and bamboo shoots. At least one of the curries used in this recipe should be the Northern Thai pork curry called"
9,"Kaeng kari
","แกงกะหรี่
",Yellow curry,"
","
","It is a Thai-Muslim dish which is mostly known in the West as ""Thai yellow curry"". It is of Indian origin and is often made with chicken and potatoes. It can also be made with other meats or seafood."
10,Kaeng khae,"แกงแค
","
","
","North
","A spicy curry of herbs, vegetables,"
11,"Kaeng khanun
","แกงขนุน
","
","
","North
",A northern Thai curry made with boiled whole
12,"Kaeng khiao wan
","แกงเขียวหวาน
",Green curry,"
","Central
","A coconut curry made with fresh green chili peppers and flavored with Thai basil, usually with chicken ("
13,"Kaeng khilek
","แกงขี้เหล็ก
","
","
","
",This creamy curry has as its main ingredient the leaves and flower buds of the
14,"Kaeng khua
","แกงคั่ว
","
","
","Central
",A type of Thai curry which uses a larger amount of turmeric in the paste than is usually the norm. A popular preparation is with prawns and pineapple. This particular version is called
15,"Kaeng khua mu bai chamuang
","แกงคั่วหมูใบชะมวง
","
","
","Central
",A thick central Thai curry with pork and the leaves of
16,"Kaeng kradang
","แกงกระด้าง
","
","
","North
",A pork curry
17,"Kaeng lueang
","แกงเหลือง
","
","
","South
",A sour spicy curry that does not contain coconut milk and is yellow in color due to the use of
18,"Kaeng matsaman
","แกงมัสมั่น
",Massaman curry,"
","South
","A rich, thick curry containing coconut milk, usually of stewed beef or, as in the image, chicken. This curry contains roasted dried spices that are rarely found in other Thai curries. The name"
19,"Kaeng om
","แกงอ่อม
","
","
","North
",A spicy
20,Kaeng pa,"แกงป่า
","Jungle curry
","
","North
",Traditionally made with
21,"Kaeng phak bung sai pla
","แกงผักบุ้งใส่ปลา
","
","
","North
","A northern Thai curry made with """
22,"Kaeng phak kat cho kraduk mu
","แกงผักกาดจอกระดูกหมู
","
","
","North
",A somewhat spicy soup/curry (
23,"Kaeng phak lueat
","แกงผักเลือด
","
","
","North
",A northern Thai curry made with the leaves of the
24,"Kaeng phak siangda
","แกงผักเซียงดา
","
","
","North
",A northern Thai curry made with the leaves of the vine
25,"Kaeng phak wan pa
","แกงผักหวานป่า
","
","
","North
",A Northern Thai curry made with the leaves of the woody plant
26,"Kaeng phanaeng
","แกงพะแนง
",Phanaeng curry,"
","Central
","A so-called dry, Indian influenced coconut curry with beef ("
27,"Kaeng phet
","แกงเผ็ด
",Red curry,"
","Central
","A spicy red curry made with dried chili peppers, containing coconut milk. It can be made with different meats, seafood or tofu, in combination with (several types of) eggplant(s), and sometimes other vegetables. Fresh green peppercorns and Thai basil are often added to enhance the flavor."
28,"Kaeng phet pet yang
","แกงเผ็ดเป็ดย่าง
",Red curry,"
","Central
",Red curry with roast duck is the quintessential mix of the Thai (red curry) and Chinese (red roast duck) cuisines. This dish often also contains grapes and/or pineapple.
29,"Kaeng pli
","แกงปลี
","
","
","North
",A northern Thai curry made with chopped banana flower and pork.
30,Kaeng som,"แกงส้ม
","
","
","Central
",A hot and sour Thai curry/soup made with tamarind paste and fish (often
31,Kaeng tai pla,"แกงไตปลา
","
","
","South
","A thick, spicy vegetable curry made with turmeric, a sauce made from fish innards ("
32,"Kaeng thepho
","แกงเทโพ
","
","
","Central
","One of the dishes mentioned in the poem of King Rama II on Thai dishes, it is a central Thai curry originally made with the fatty belly part of the"
33,"Kaeng tun
","แกงตูน
","
","
","
",A northern Thai curry made with the stalks of the
34,"Kaeng yot maphrao on sai kai
","แกงยอดมะพร้าวอ่อนใส่ไก่
","
","
","North
","A northern Thai curry made with """
35,"Kaeng yuak
","แกงหยวก
","
","
","North
",A northern Thai curry made with the tender core of the trunk of the banana plant.
36,"Khua kling
","คั่วกลิ้ง
","
","
","South
","A very spicy, dry fried curry made with chopped meat (usually beef, chicken, pork, or lamb) served with a large amount of shredded fresh kaffir lime leaves."
37,"Khua kraduk
","คั่วกระดูกหมู
","
","
","South
","A very spicy and, for Thai standards, ""dry"" curry with pork ribs and it is a Southern Thai speciality."
38,"Yam chin kai
","ยำจิ๊นไก่
","
","
","North
",A curry dish from Northern Thailand containing chicken. The version in the image also contains sliced banana flower.
39,"Kaeng ranchuan
","แกงรัญจวน
","
","
","Central
",Kaeng ranchuan
0,"Kai tun ya chin
","ไก่ตุ๋นยาจีน
","
","
","
","The name literally translates to ""chicken stewed with Chinese medicine"". It contains medicinal herbs, one of them the dried fruit of the"
1,"Nam sup
","น้ำซุป
","
","
","
","This is a clear broth, usually served together with"
2,"Tom chuet
","แกงจืด
","Clear vegetable soup
","
","
","A light vegetable, chicken or pork broth with vegetables and celery, to which minced pork, soft tofu, seaweed,"
3,Tom kha kai,"ต้มข่าไก่
","Coconut soup with chicken
","
","Central
","A mild to spicy soup with coconut milk,"
4,"Tom khlong
","ต้มโคล้ง
","
","
","
","It is a spicy and sour soup somewhat similar to Tom yam. The sourness however does not derive from lime juice but through the use of tamarind juice. The version in the image contains fried smoked fish, tomato, and mushrooms."
5,"Tom mara
","ต้มมะระ
","Bitter melon soup
","
","
",A clear soup made with
6,"Tom phak kat dong mu
","ต้มผักกาดดองหมู
","
","
","
",A soup of boiled
7,"Tom saep
","ต้มแซ่บ
","Hot and sour Isan soup
","
","Northeast
","A spicy soup made with stewed meat (usually pork, chicken or beef), roasted fresh herbs and spices, ground roasted rice, and generous amounts of lime juice and fresh herbs just before serving."
8,"Tom som kraduk mu
","ต้มส้มกระดูกหมู
","
","
","
",Tom som
9,Tom yam,"ต้มยำ
","Tom yum soup
","
","Central
",A hot and sour broth made from
10,"Tom yuea phai
","ต้มเยื่อไผ่
","
","
","
","It is a clear broth with, amongst other ingredients,"
0,"Khao yam
","ข้าวยำ
","
","
","South
","A type of Thai rice salad. Here it is shown unmixed, as served at a southern Thai eatery in Korat. This particular version used pomelo, bean sprouts, lime leaves, and toasted coconut flakes, and dried shrimp flakes with the rice."
1,Koi pla,"ก้อยปลา
","
","
","Northeast
",Minced or finely chopped raw fish in spicy salad dressing. It is a popular raw fish dish in
2,Kung chae nampla,"กุ้งแช่น้ำปลา
","
","
","
",A Thai salad made from fresh raw shrimp soaked in Thai fish sauce and served with sliced
3,"Kung ten
","กุ้งเต้น
","Dancing shrimp
","
","Northeast
","A yam-style salad made with raw, and often still alive and ""dancing"","
4,"Lap Isan
","ลาบอีสาน
",Larb,"
","Northeast
",Northeastern style
5,Lap ,"ลาบล้านนา
","
","
","North
",Northern Thai
6,"Lap nuea dip
","ลาบเนื้อดิบ
","
","
","North
",A northern Thai
7,Mu nam tok,"หมูน้ำตก
","
","
","Northeast
",A very spicy salad made with pork (
8,"Naem khluk
","แหนมคลุก
","
","
","
",Naem sausage
9,"Nuea yang nam tok
","เนื้อย่างน้ำตก
","
","
","Northeast
","With a similar ""dressing"" as"
10,"Phla kung
","พล่ากุ้ง
","
","
","
","A spicy salad of prawns, sliced lemongrass,"
11,"Phla mu
","พล่าหมู
","
","
","
","A spicy salad of sliced grilled pork, sliced lemongrass, mint,"
12,"Phla nuea makhuea on
","พล่าเนื้อมะเขืออ่อน
","
","
","
","A Thai salad made with medium rare beef and Thai aubergines. The sliced, raw eggplants are mixed in with the warm beef to soften them ("
13,"Sa nuea
","ส้าเนื้อ
","
","
","North
","A northern Thai speciality, made with blanched medium rare, thinly sliced beef. Other ingredients for this dish are the elaborate"
14,"Sa nuea sadung
","ส้าเนื้อสะดุ้ง
","
","
","North
","A northern Thai speciality, made with sauteed medium rare, thinly sliced beef. Other ingredients for this dish are the elaborate"
15,"Som tam khai khem
","ส้มตำไข่เค็ม
","
","
","
",A variation of the standard papaya
16,"Som tam pla ra
","ส้มตำปลาร้า
","
","
","Northeast
",Regarded as the original
17,"Som tam pu
","ส้มตำปู
","
","
","
",Green papaya salad
18,"Som tam Thai
","ส้มตำไทย
","Thai papaya salad
","
","Central
",Som tam Thai
19,"Tam khanun
","ตำขนุน
","
","
","North
",A spicy Northern Thai salad made with boiled green whole
20,"Tam makhuea
","ตำมะเขือ
","
","
","North
",Chopped and then pounded grilled long green eggplant (
21,"Tam mamuang
","ตำมะม่วง
","
","
","
",A
22,"Tam maphrao on sen mi krop
","ตำมะพร้าวอ่อนเส้นหมี่กรอบ
","
","
","
",A
23,"Tam mu yo
","ตำหมูยอ
","
","
","
",A spicy Thai salad made with
24,"Tam phonlamai ruam
","ตำผลไม้รวม
","
","
","
","The fruits used in this particular salad show the fusion aspect of Thai cuisine, as it incorporates ""modern"" (for Thais) fruit such as apples and grapes besides traditional fruit such as pineapple and guava. The dressing is made with pounded garlic, sugar, chili peppers, dried shrimp, lime juice and fish sauce, and is similar to that of"
25,"Tam som-o nam pu
","ตำส้มโอน้ำปู
","
","
","North
",It is a spicy
26,"Yam bai cha
","ยำใบชา
","
","
","
","A spicy Thai salad made with young, fresh tea leaves."
27,"Yam hu mu
","ยำหูหมู
","
","
","
","It is a salad made with thinly sliced, boiled pig's ears, the version in the image also contained fresh mint, lime juice, shallots, lemon grass, fish sauce and sugar."
28,"Yam hua pli thot
","ยำหัวปลีทอด
","
","
","
",A spicy Thai yam-style salad with deep-fried slices of banana blossom as its main ingredient.
29,"Yam hoi khraeng
","ยำหอยแครง
","
","
","
",A spicy Thai salad made with
30,Yam khai dao,"ยำไข่ดาว
","
","
","
",A spicy Thai salad made with fried egg (
31,"Yam khamin khao kung
","ยำขมิ้นขาวกุ้ง
","
","
","
",A spicy Thai salad made with finely sliced (
32,"Yam kun chiang
","ยำกุนเชียง
","
","
","
",A Thai salad made with a sweet dried pork sausage called
33,"Yam mu krop
","ยำหมูกรอบ
","
","
","
",A Thai salad made with crispy belly pork (
34,"Yam mu yo
","ยำหมูยอ
","
","
","
",A spicy yam-style Thai salad with
35,"Yam mu yo thot khai dao
","ยำหมูยอทอดไข่ดาว
","
","
","
",A spicy Thai salad made with crispy fried
36,Yam naem,"ยำแหนมสด
","
","
","
",A Thai salad containing sausage made from fermented raw pork and sticky rice (
37,"Yam naem khao khot
","ยำแหนมข้าวทอด
","Thai croquette salad
","
","
","A Thai salad made of crumbled, crispy-fried curried rice balls (similar to a spherical croquette), fermented pork sausage, shallots, green chili peppers or dried chili flakes, peanuts, lime juice, fish sauce, and onion."
38,"Yam no mai
","ยำหน่อไม้
","
","
","North
","A Northern Thai salad made with strips of boiled bamboo shoots, shallots, herbs, fish sauce, lime juice, and chili peppers."
39,"Yam no mai sai nam pu
","ยำหน่อไม้ใส่น้ำปู
","
","
","North
",A northern Thai salad made with boiled bamboo shoots and a thick paste made from the rice paddy crabs.
40,"Yam nuea yang
","ยำเนื้อย่าง
","Thai grilled beef salad
","
","
","A spicy salad of grilled beef, shallots, and Thai celery or spearmint."
41,"Yam phak khut
","ยำผักกูด
","
","
","
",A salad of edible fern shoots (
42,"Yam pla duk fu
","ยำปลาดุกฟู
","""Exploded"" catfish salad
","
","
",Crispy fried shredded
43,"Yam pla khem
","ยำปลาเค็ม
","
","
","
",A Thai salad (
44,"Yam pla salit
","ยำปลาสลิด
","
","
","
","A Thai salad made with deep-fried, sun-dried snakeskin gourami.."
45,"Yam pla thu
","ยำปลาทู
","
","
","
",Made with
46,"Yam sanat
","ยำสะนัด
","
","
","North
","A northern Thai salad of roughly chopped, blanched vegetables that are then refried with a chilli paste. It is served here together with northern Thai"
47,"Yam som-o
","ยำส้มโอ
","
","
","
","A salad made with pomelo. The other ingredients are: sliced red bird's eye chili peppers, deep-fried sun-dried anchovies, roasted peanuts, fish sauce and tamarind juice."
48,"Yam takhrai kung sot
","ยำตะไคร้กุ้งสด
","
","
","
","A spicy ""yam-style"" salad with finely sliced raw lemongrass and prawns."
49,"Yam thale
","ยำทะเล
","
","
","
","A spicy salad with mixed seafood (cuttlefish, shelled prawns, mussels), shallots, lime juice, fish sauce and Thai celery."
50,"Yam thua phu
","ยำถั่วพู
","
","
","
","A Thai salad with winged beans, salted eggs, toasted coconut, shallots, fish sauce, lime juice and chillies. The version in this image also contains squid."
51,"Yam wun sen
","ยำวุ้นเส้น
","Thai glass noodle salad
","
","
",A spicy salad with glass noodles (
0,Kai ,"ไก่ผัดขิง
","Stir-fired sliced ginger with chicken
","
","Central
","A simple dish of fried slices of chicken with sliced ginger, soy sauce, fish sauce, and chili peppers."
1,"Kai phat met mamuang himmaphan
","ไก่ผัดเม็ดมะม่วงหิมพานต์
","Sitr-fried chicken with cashew nuts
","
","Central
",The
2,Khai yat sai,"ไข่ยัดไส้
","Stuffed omelette
","
","
","An omelette is fried filled with various ingredients of choice (minced beef or pork, prawns, and vegetables) and then folded over."
3,"Khua chin som sai khai
","คั่วจิ๊นส้มใส่ไข่
","
","
","North
",Northern Thai pickled pork stir-fried with egg.
4,"Khua ho
","คั่วห่อ
","
","
","North
",Glass noodles
5,"Khua no mai sai mu
","คั่วหน่อไม้ใส่หมู
","
","
","North
","Stir-fried bamboo shoots with pork. In this particular version, the pork is minced."
6,"Kaphrao hoi lai
","กะเพราหอยลาย
","Stir-fried baby clams with thai holy basil
","
","
",Undulated surf clam stir-fried with holy basil (
7,"Khai luk khoei
","ไข่ลูกเขย
","
","
","
","Boiled eggs are (deep-)fried until crispy on the outside, and then served sliced with a tangy sauce made from tamarind juice. The Thai name literally translates as ""son-in-law eggs""."
8,"Kung thot krathiam phrik Thai
","กุ้งทอดกระเทียมพริกไทย
","Deep fried prawns with garlic and pepper
","
","
",Prawns fried with garlic and fresh peppercorns.
9,"Mu krop phat kaphrao
","หมูกรอบผัดกะเพรา
","Stir-fried holy basil with cirspy pork
","
","
",Slices of crispy grilled pork are stirred-fried with holy basil. This particular version is served with
10,"Mu phat sato
","หมูผัดสะตอ
","Stir-fired pork with stink beans
","
","
",Sliced pork stir-fried with
11,"Mu phat sato phak Tai
","หมูผัดสะตอภาคใต้
","
","
","South
","A spicy, southern Thai, version of"
12,"Mu wan
","หมูหวาน
","
","
","South
",Sliced pork is simmered or fried with sugar and soy sauce until the sauce is reduced and coats the meat.
13,"No mai farang phat kung
","หน่อไม้ฝรั่งผัดกุ้ง
","Stir-fried asparagus with prawns
","
","
","Green asparagus stir-fried with prawns, garlic, sliced chili peppers, fish sauce, and oyster sauce."
14,"Nuea phat bai yira
","เนื้อผัดใบยี่หร่า
",Stir-fried beef with ,"
","
","Besides beef and basil, other ingredients are garlic, chili peppers, light soy sauce, and fish sauce. African basil leaves have a slight anise taste."
15,"Pak boong fai daeng
","ผักบุ้งไฟแดง
","Stir-fried morning-glory
","
","
",Morning-glory (a.k.a.
16,"Phak khana nam man hoi
","ผักคะน้าน้ำมันหอย
",Stir-fried Chinese kale with ,"
","
","Originally a Chinese dish, it has been adapted to Thai taste by adding fish sauce to the recipe and by omitting the ginger. Here it is made with fried"
17,"Phat buap
","ผัดบวบ
","Stir-fried luffa
","
","
",Stir-fried
18,"Phat dok hom
","ผัดดอกหอม
","Stir-fried onion flower stem with pork/liver
","
","
",Stir-fried onion flowers with pork and pork liver.
19,"Phat khana mu krop
","ผัดคะน้าหมูกรอบ
","Stir-fried Chinese kale with crispy pork
","
","Central
",Khana
20,"Phat khanaeng mu
","ผัดแขนงหมู
","
","
","
",Stir-fried
21,Phat kaphrao,"ผัดกะเพรา
","Stir-fired minced meat with thai holy basil
","
","
","Minced beef, pork, chicken, or whole prawns stir fried with Thai holy basil, chili peppers, garlic, and soy sauce."
22,"Phat naem sai khai
","ผัดแหนมไส่ไข่
","Stir-fired fermented pork with egg
","
","
",Naem
23,"Phat no mai sai khai
","ผัดหน่อไม้ใส่ไข่
","Stir-fired bambbo shoot with egg
","
","
",Stir-fried bamboo shoots and egg.
24,"Phat phak khom
","ผัดผักโขม
","Stir-fried thai spinach with egg and minced pork
","
","
",Thai spinach (
25,"Phat phak ruam
","ผัดผักรวม
","Stir fried mixed vegetables
","
","
","Stir fried combination of vegetables depending on availability and preference, but it is usually fried with"
26,Phat phrik khing,"ผัดพริก
","Stir-fried pork with Thai chili peppers
","
","
",Sliced pork fried with asparagus beans and kaffir lime leaves in a sweet chili paste. Sometimes red curry paste is used instead of the
27,"Phat yot fak maeo
","ผัดยอดฟักแม้ว
","Stir-fried mountain melon greens
","
","
","Yot sayongte, which is also known in Thailand as"
28,"Phunim phat phong kari
","ปูนิ่มผัดผงกะหรี่
","Stir-fried soft-shelled crab with curry powder
","
","
",Deep-fried pieces of
29,"Pla duk phat phet
","ปลาดุกผัดเผ็ด
","Stir-fired sliced catfish with red curry paste
","
","
",Slices of catfish (most often pre-fried) are stir-fried in a sauce made with red curry paste. The
30,"Pla kaphong phat khuen chai
","ปลากะพงผัดขึ้นฉ่าย
","Stir-fried Chinese celery with barramundi
","
","
",Barramundi
31,"Pla muek phat phrik phao
","ปลาหมึกผัดพริกเผา
","Stir-fried squid with chilli paste
","
","
",Squid stir-fried with sweet and mild chilli paste (
32,"Tap kai phat phrik sot
","ตับไก่ผัดพริกสด
","Stir-fried chicken liver with green peppers
","
","
","Chicken liver fried with young (mainly green) chili peppers, light soy sauce, oyster sauce, onion, spring onion, black pepper, and garlic. Here it is served with rice and a fried egg ("
33,"Thua ngok pla khem
","ถั่วงอกปลาเค็ม
","Stir-fried bean sprouts with salted fish
","
","
",A stir-fried dish of
0,"Kai ho bai toei
","ไก่ห่อใบเตย
",Chicken wrapped in ,"
","Central
",Pieces of marinated chicken are wrapped in fragrant pandan leaves and then deep fried.
1,"Kai thot takhrai
","ไก่ทอดตะไคร้
","Deep fried chicken and lemongrass
","
","
","Pieces of chicken are deep fried together with finely chopped or shredded lemongrass, and served with a sweet chili sauce."
2,"Kai thot
","ไก่ทอด
","Deep-fried chicken
","
","
",The version of
3,Khaep mu,"แคบหมู
","Pork rinds
","
","
",Deep fried pork skin that is eaten with
4,"Mu krop
","หมูกรอบ
","Crispy pork
","
","
",Cooked belly pork is first marinated and then deep fried until crispy. Often used sliced in vegetables stir fries.
5,"Mu thot krathiam
","หมูทอดกระเทียม
","
","
","
",Deep-fried pork and garlic
6,"Nang kai thot
","หนังไก่ทอด
","Crispy fried chicken skins
","
","
","Crispy, deep-fried chicken skin that can be eaten as a snack or together with chili pastes or salads."
7,"No yat sai thot
","หน่อยัดไส้ทอด
","
","
","North
",A northern Thai speciality of deep-fried bamboo shoots with a filling of minced pork.
8,"Pik kai sot sai thot
","ปีกไก่สอดไส้ทอด
","Stuffed chicken wings
","
","
","Deep fried, partially deboned chicken wings, stuffed usually with minced pork."
9,"Pla buang
","ปลาบ้วง
","
","
","North
",Cuts of
10,"Pla krai thot krathiam
","ปลากรายทอดกระเทียม
","
","
","
",Deep-fried
11,"Pla nin thot samun phrai
","ปลานิลทอดสมุนไพร
","
","
","
",Deep-fried
12,"Pla sam rot
","ปลาสามรส
","Three flavours fish
","
","Central
","Deep fried fish with a sweet, tangy, and spicy tamarind sauce."
13,"Pla thot
","ปลาทอด
","Deep-fried fish
","
","
","A simple deep-fried fish, most often served with a spicy dipping sauce. The fish in this image is"
14,"Pla thot khamin
","ปลาทอดขมิ้น
","
","
","South
","Typical for southern Thai cuisine, this deep-fried fish has first been marinated in a spice mixture which includes a large amount of"
15,"Pla wong thot
","ปลาวงทอด
","
","
","
",Deep-fried
16,"Pu cha
","ปูจ๋า
","Crab cakes
","
","
","A mixture of cooked crab meat, pork, garlic, and pepper, fried deeply inside the crab shells and usually served with"
17,"Sai mu thot
","ไส้หมูทอด
","
","
","
",Deep-fried pork intestines
18,"Si khrong mu thot
","ซี่โครงหมูทอด
","
","
","
","Deep-fried pork ribs. The version in the image however, had first been boiled, then marinated, then deep-fried with garlic, and then again stir-fried with a sweet and tangy tamarind sauce just before serving."
0,"Aep mu
","แอ็บหมู
","
","
","North
","A Northern Thai """
1,"Aep ong-o
","แอ็บอ่องออ
","
","
","North
","Roughly chopped pig's brain mixed with egg and curry paste are grilled over a low fire, wrapped inside banana leaves."
2,"Aep pla noi
","แอ็บปลาน้อย
","
","
","North
",Freshwater small fry and brine shrimp are mixed with curry paste and then grilled over a low fire wrapped inside banana leaves.
3,"Chin som mok
","จิ๊นส้มหมก
","
","
","North
",Chin som
4,Kai yang,"ไก่ย่าง
","Grilled chicken
","
","Northeast
","Grilled marinated chicken, usually eaten together with"
5,"Kho mu yang kratha ron
","คอหมูย่างกระทะร้อน
","
","
","
",Kho mu yang kratha ron
6,"Kung yang/kung phao
","กุ้งย่าง/กุ้งเผา
","Grilled prawns
","
","
",Grilled prawns are normally served with a
7,"Mu manao
","หมูมะนาว
","Pork with lime juice
","
","
",Sliced grilled pork with a dressing (
8,"Mu yang
","หมูย่าง
","Isan grilled pork
","
","Northeast
","Originally from the Isan region of Thailand, the fatty parts of belly pork, together with the skin, are preferred over lean meat. It is served with"
9,"Nuea ping
","เนื้อปิ้ง
","
","
","
",Marinated and barbecued beef.
10,"Nuea thup
","เนื้อทุบ
","
","
","North
","Beef is pounded after grilling, and served with a chilli dip."
11,"Pam khai mot
","ป่ามไข่มด
","
","
","North
","Grilled banana leaf cups containing a mixture of ant eggs, chicken eggs and some salt. After grilling the dish is sprinkled with chopped spring onion and pepper. The ant eggs make the dish much more creamy. It can also be eaten as a snack."
12,"Paeng nom yang nuea
","แป้งนมย่างอมเนื้อ
","
","
","North
","Grilled cow udders, served with a chilli dip."
13,"Pla ping top
","ปลาปิ้งตบ
","
","
","Northeast
",Traditional grilled fish of
14,"Sai krok Isan
","ไส้กรอกอีสาน
","
","
","Northeast
","Grilled, fermented pork and sticky rice sausage, originally from the"
15,"Sai mu ping
","ไส้หมูปิ้ง
","
","
","
",Marinated and barbecued pork intestines.
16,Sai ua,"ไส้อั่ว
","""Chiang mai sausage""
","
","North
","A grilled sausage of ground pork mixed with spices and herbs, and which is often served with chopped fresh ginger and chili peppers at a meal."
17,Suea rong hai,"เสือร้องไห้
","Weeping tiger beef
","
","Northeast
",Suea rong hai
18,"Yang ruam mu
","ย่างรวมหมู
","Grilled mixed pork
","
","North
",A northern Thai dish of different cuts of pork (including pig udder) that have been grilled. It is served with a dipping sauce.
0,"Bai po
","ใบปอ
",Jute,"
","
",Eaten blanched as a dish with
1,"Ho mok pla
","ห่อหมกปลา
","Fish curry pâté
","
","Central
","A Thai curry """
2,"Ho mok maphrao on
","ห่อหมกมะพร้าวอ่อน
","
","
","
","A Thai curry """
3,Pla nueng manao,"ปลานึ่งมะนาว
","Steamed fish with lime juice
","
","Central
","Steamed fish which is drenched in a spicy garlic, chili sauce, chicken stock and lime juice dressing."
0,"Khai phalo
","ไข่พะโล้
","
","
","
","Egg stewed with meat in soy sauce, garlic, ginger and"
0,Nam chim,"น้ำจิ้มแจ่ว
","
","
","Northeast
","It is a sticky, sweet and spicy dipping sauce made with dried chili peppers, fish sauce, palm sugar, lime juice, and coarsely roasted sticky rice. Often served as a dip with"
1,Nam chim,"น้ำจิ้มไก่
","Chicken chili sauce
","
","
","A very common all-round chili dipping sauce with the consistency of a thick syrup, it is medium"
2,Nam chim,"น้ำจิ้มแป๊ะซะ
","
","
","Northeast
",A spicy dipping sauce eaten with steamed fish wrapped in raw lettuce or cabbage.
3,Nam chim,"น้ำจิ้มสะเต๊ะ
",Peanut sauce,"
","
",A peanut sauce which is normally served with
4,Nam phrik,"น้ำพริกอีเก๋
","
","
","North
","A northern Thai chili paste made with chili peppers, sliced aubergine, pork rinds, and fermented shrimp paste."
5,Nam phrik kapi,"น้ำพริกกะปิ
","
","
","
",A pungent chili dip made with
6,Nam phrik,"น้ำพริกข่า
","
","
","North
",A Northern Thai fried chili paste containing
7,Nam phrik,"น้ำพริกแคบหมู
","
","
","North
","A northern Thai chilli paste of mashed grilled green chili peppers, deep-fried pork rinds, fresh garlic, and salt."
8,Nam phrik long ruea,"น้ำพริกลงเรือ
","
","
","Central
","The name means ""chili paste for in a boat"" as it was often eaten while travelling the rivers of Thailand by boat. A sweet, savoury and spicy chili dip, it is served together with fresh vegetables, salted egg and sweet pork. This version also included"
9,Nam phrik num,"น้ำพริกหนุ่ม
","
","
","North
","A paste of pounded roasted large green chili peppers, roasted shallots, roasted garlic, coriander leaves, lime juice, and fish sauce that is eaten with steamed and raw vegetables,"
10,Nam phrik ong,"น้ำพริกอ่อง
","
","
","North
",Resembling a thick
11,Nam phrik phao,"น้ำพริกเผา
","Chilli jam
","
","
","A sweet roasted chili paste, often used as an ingredient in"
12,Nam phrik,"น้ำพริกปลาจี่
","
","
","North
","A chili paste made with grilled fish, roasted chili peppers, roasted shallots, and roasted garlic, lemongrass, and shrimp paste. It is normally served with both steamed and raw vegetables and/or other leaves."
13,"Phrik nam pla
","น้ำปลาพริก
","
","
","
",Colloquially called
14,"Pu ong
",ปูอ่อง ,"
","
","North
","A northern Thai speciality that is eaten as a pungent dipping sauce for sticky rice. It is made by collecting the ""fat"" of rice field crabs ("
15,"Sot Si Racha
","ซอสศรีราชา
",Sriracha sauce,"
","
",It is a
0,"Khai dao
","ไข่ดาว
","Fried egg
","
","
",Literally translated
1,"Khai chiao khai mot daeng
","ไข่เจียวไข่มดแดง
","
","
","North
",A Thai-style crispy-fried omelette which includes the eggs of the red ant.
2,"Mu ruam luak chim
","หมูรวมลวกจิ้ม
","
","
","
","This dish consist of several types of pork (intestines, liver, and other cuts) which have been shortly blanched in boiling water or stock and then served with fried garlic, spring onions and a spicy dipping sauce."
3,"Pla sam thap
","ปลาสามทัพ
","
","
","
",Fish prepared in 3 different ways: on the left of the image is
4,"Roti thitchu
","โรตีทิชชู
",Roti canai/roti prata,"
","
",Similar to
0,"Chingrit thot
","จิ้งหรีดทอด
","
","
","
",Deep-fried
1,"Kai rom khwan
","ไก่รมควัน
",Smoked,"
","
",Smoked chicken is often eaten as a snack to go with drinks.
2,"Karipap
","กะหรี่ปั๊บ
","Curry puff
","
","
",Deep-fried pastry shells usually containing a chicken meat and potato curry.
3,"Khaep mu
","แคบหมู
","Crispy pork rind
","
","North
","Deep fried crispy pork rinds, often eaten with"
4,"Khanom chip
","ขนมจีบ
",Siu mai,"
","
",The Thai version of the Chinese steamed
5,"Khanom kuichai
","ขนมกุยช่าย
","Fried chive dumplings
","
","
",Originally a
6,Khanom Tokyo,"ขนมโตเกียว
","
","
","
","Literally translated it means ""Tokyo cake"", it is a Thai style"
7,"Khao phan nga muan
","ข้าวพันงาม้วน
","
","
","North
",Rolled
8,"Khao phan phak
","ข้าวพันผัก
","
","
","North
",Khao phan
9,"Luk chin ping
","ลูกชิ้นปิ้ง
","Grilled meatball
","
","
","Meatballs made from fish, pork, beef or chicken are grilled on a stick and served with a spicy and tangy dipping sauce. The ones shown on the image are made with pork and beef. It is commonly sold from street stalls in Thailand."
10,Mamuang nam pla wan,"มะม่วงน้ำปลาหวาน
","
","
","
","Tart, unripe mango served with a sweet, salty and spicy dipping sauce made from shallots, fish sauce, dried chili peppers, dried shrimp, and palm sugar ("
11,Miang kham,"เมี่ยงคำ
","
","
","
",Dried shrimp and other ingredients wrapped in
12,"Miang pla
","เมี่ยงปลา
","
","
","
",Similar to
13,"Mu daet diao
","หมูแดดเดียว
","
","
","
","Deep-fried strips of sun dried pork, here with sesame seeds. A spicy dipping sauce (very often Sriracha sauce) is almost always provided with this dish."
14,"Nuea daet diao kaphrao thot
","เนื้อแดดเดียวกะเพราทอด
","
","
","
",Deep-fried strips of sun dried beef and with crispy fried
15,"Nuea khem thot
","เนื้อเค็มทอด
","
","
","North
",Salted and sun-dried beef that has been deep-fried before serving.
16,"Pla muek yang
","ปลาหมึกย่าง
","Grilled cuttlefish
","
","
",Plainly grilled
17,"Sate
","สะเต๊ะ
",Satay,"
","
","Marinated beef, chicken, or pork grilled on bamboo skewers and usually served with"
18,"Thot man khaophot
","ทอดมันข้าวโพด
","
","
","
",Deep-fried cakes made with corn and herbs in a batter and served with a sweet chili sauce
19,"Thot man pla
","ทอดมันปลา
","Fried fish cakes
","
","
","Deep fried patties of minced fish mixed with red curry paste, finely chopped yardlong beans ("
20,"Thot man pu
","ทอดมันปู
","Fried crab cakes
","
","
",Deep fried patties of minced crab meat. Plum sauce is commonly provided.
21,"Thot man kung
","ทอดมันกุ้ง
","Fried prawn cakes
","
","
",Another popular variety of thot man where minced shrimp or prawn is used. Plum sauce is commonly provided.
22,"Tod Mun Hua Plee
","ทอดมันหัวปลี
","Fried banana blossom fritters
","
","
",Tod Mun Hua Plee is one of the individual dishes in Thailand. It is made from banana blossom which is the flower of banana.
23,"Thung thong
","ถุงทอง
","Money bag
","
","
","Small, crispy, deep-fried pastry purses filled with a mixture of minced chicken or pork together with minced prawns, mushroom and"
24,"Tua mai thot
","ตัวไหมทอด
","
","
","
","Crispy, deep-fried"
25,La tiang,"ล่าเตียง
","Omelette with Minced Shrimp
","
","
","It is an ancient Thai snack, because it appears in literature of"
0,"Chao guay
","เฉาก๊วย
",Grass jelly,"
","
",Grass jelly is made from a herb from the mint family. It is often served with only shaved ice and brown sugar.
1,"Dara thong
","ดาราทอง
","
","
","
",Dara thong
2,"Foi thong
","ฝอยทอง
","
","
","
","The name translates to ""golden threads"", it is a sweet snack or dessert of strings of"
3,"Khanom bua loi
","ขนมบัวลอย
","
","
","
",Taro root
4,Khanom chan,"ขนมชั้น
","
","
","
",A multi-colored pudding of layers of sticky
5,"Khanom farang kudi chin
","ขนมฝรั่งกุฎีจีน
","""Foreigner's snack of the Chinese church""
","
","Bangkok
","Small muffins. The main ingredients are duck eggs, sugar and wheat flour. No butter, milk or yeast. No preservatives. The little cakes are topped with raisins, gourds dipped in syrup, and persimmon."
6,Khanom khrok,"ขนมครก
","
","
","
",Small coconut hotcakes with different fillings. These are made on a special cast-iron pan with indentations. Two-halves are eventually stuck to one another to form the finished miniature pancake.
7,"Khanom mo kaeng
","ขนมหม้อแกง
","
","
","
","A sweet baked pudding containing coconut milk, eggs, palm sugar, and flour, sprinkled with sweet fried onions."
8,Khanom piak pun,"ขนมเปียกปูน
","
","
","
",The unique smoky flavor and the deep black color comes from coconut ash. It is made from a mix of sticky
9,"Khanom tako
","ขนมตะโก้
","
","
","
",Jasmine
10,"Khanom tako phueak
","ขนมตะโก้เผือก
","
","
","
","Traditional sweets made with coconut milk, rice, flour, sugar, and boiled taro pieces in a banana leaf cone."
11,Khanom tan,"ขนมตาล
","
","
","
",Palm flavoured miniature cake with shredded coconut on top.
12,"Khanom thuai talai
","ขนมถ้วยตะไล
","
","
","
",Steamed sweet coconut jelly and cream.
13,"Khanom tom
","ขนมต้ม
","
","
","Central
","These sweets are made by boiling balls of dough made from glutinous rice powder, coconut cream, grated coconut, sugar, and flavorings. Then they are covered with more grated coconut."
14,"Khanom tom
","ขนมต้ม
","
","
","South
","A Southern Thai snack made from sticky rice, coconut milk, sugar, and salt. The mixture is wrapped in a young"
15,"Khanom wun
","ขนมวุ้น
","
","
","
",These are desserts made with an
16,Khao niao mamuang,"ข้าวเหนียวมะม่วง
","Mango with sticky rice
","
","
","Sticky rice cooked in sweetened thick coconut milk, served with slices of ripe mango."
17,"Khao niao sangkhaya
","ข้าวเหนียวสังขยา
","
","
","
",Sticky rice served with an egg and coconut custard (
18,Khao tom mat,"ข้าวต้มมัด
","
","
","
",The dish is made by wrapping sweet banana and sticky rice inside a banana leaf and then steaming it. The banana takes on a pink color after steaming.
19,"Kluai thot
","กล้วยทอด
","
","
","
",Deep-fried bananas in a light batter.
20,"Kraya sat
","กระยาสารท
","
","
","
",Wafers or chunks of rice candy with beans and sesame. Often prepared as an offering to the
21,"Lot chong nam kathi
","ลอดช่องน้ำกะทิ
",Cendol,"
","
",Pandan
22,"Mamuang dong
","มะม่วงดอง
","Pickled mango
","
","
",Pickled green mango is often eaten as a semi-sweet snack.
23,"Roti kluai
","โรตีกล้วย
","Roti with banana
","
","
","Sliced banana and beaten eggs are fried inside a thin sheet of dough, then cut and served with sweetened condensed milk and/or sugar."
24,Roti sai mai,"โรตีสายไหม
","
","
","
",An extremely sweet kind of
25,"Ruam mit
","รวมมิตร
","
","
","
","A chilled sweet snack/dessert with a mix of ingredients, such as sweetened chestnuts, jackfruit, lotus root, tapioca, and"
26,Sangkhaya fak thong,"สังขยาฟักทอง
","Stuffed pumpkin
","
","
",Steamed pumpkin with an egg-and-coconut
27,"Sakhu thua dam
","สาคูถั่วดำ
","
","
","
",Tapioca pearls and black beans (one of the vigna cultivars) with sweetened coconut milk and the flesh of a young coconut.
28,"That khai
","ทาร์ตไข่
","Egg tart
","
","
",The Thai version of the Portuguese
29,"Sakhu sai mu
","สาคูไส้หมู
",Tapioca Balls with Pork Filling,"
","
",In Thailand tapioca balls with pork filling are call
30,Thong yip,"ทองหยิบ
","
","
","
",Thong yip
0,"Cha dam yen
","ชาดำเย็น
","Black iced tea
","
","
","It is made from strongly brewed black tea (""red tea"" in East Asia). The tea is sweetened with sugar and served with ice."
1,"Cha manao
","ชามะนาว
","Lime flavored tea
","
","
","It is made from strongly brewed black tea (""red tea"" in East Asia). The tea is sweetened with sugar flavored with sugar and lime and served hot or with ice. Mint may also be added."
2,"Cha ron
","ชาร้อน
","Thai hot tea
","
","
","It is made from strongly brewed black tea (""red tea"" in East Asia). The tea is sweetened with sugar and condensed milk and served hot."
3,"Nam wan
","น้ำหวาน
","Concentrated artificial fruit-flavored syrup
","
","
",Normally poured on grated ice.
4,Cha yen,"ชาเย็น
","Thai iced tea
","
","
","It is made from strongly brewed black tea (""red tea"" in East Asia). Additional ingredients may include orange blossom water, star anise, crushed tamarind seed and sometimes other spices. The tea is sweetened with sugar and condensed milk and served chilled."
5,"Kafae boran
","กาแฟโบราณ
","
","
","
",Kafae boran
6,Krating Daeng,"กระทิงแดง
","Thai red bull
","
","
",An
7,"Lao khao
","เหล้าขาว
","Rice vodka
","
","
",A distilled alcohol made from
8,"Lao Mae Khong
","เหล้าแม่โขง
",Mekhong whiskey,"
","
","Closer to a rum, it is distilled from"
9,"Nam bai bua bok
","น้ำใบบัวบก
","Gotu kola juice
","
","
",A refreshing drink made from the leaves of the Asiatic Pennywort (
10,"Nam dok anchan
","น้ำดอกอัญชัน
","Clitoria ternatea drink
","
","
",A refreshing drink made from
11,"Nam manao
","น้ำมะนาว
","Lime drink
","
","
",A refreshing drink made from lime juice flavored with sugar and a pinch of salt served with ice.
12,"Nam phan
","น้ำพันช์
",Thai ,"
","
",Resembling a
13,"Nam takhrai
","น้ำตะไคร้
",Lemongrass,"
","
",A refreshing drink made from lemongrass. It can be served either hot or with ice.
14,Oliang,"โอเลี้ยง
","Iced black coffee
","
","
",A sweet Thai black
15,"Saeng som
","แสงโสม
",Sang Som,"
","
",A Thai rum which has been distilled since 1977.
16,Satho,"สาโท
","Thai rice wine
","
","
",A traditional
